author,comment,score,created,ID
JigglingBot,Shashank the most relieved man in the stadium because that's absolutely shockingly casual running in the biggest game of your career.,1205,2025-06-01T20:18:27Z,1
VaderOnReddit,"I didn't even think it was out coz I saw him running so casually lmao The replay legit got me(and Shashank, by the looks of it)",457,2025-06-01T20:25:27Z,2
Lord_Phazer101,"Right, i got shocked when i returned my vision to TV to see him walking back and that he got out....",147,2025-06-01T20:37:22Z,3
Chemical-Rub-5206,"Bro literally i was watching w my mom and she went ""oh that's out"" and I was concerned for a second. I was like is ur vision getting worse? R u not alert? Then during the replay it turned out this man was casually out by a fucking foot and a half. I started wondering if really I was the crazy one for expecting more of a reaction, either from MI, Shashank, or the spectators. The strangest runout I've seen in recent history tbh. Fever dream ass wicket",128,2025-06-01T20:40:14Z,4
RustedSkullz,&gt;and I was concerned for a second. I was like is ur vision getting worse? R u not alert? I hope your mom asked those questions back to you after the replay,113,2025-06-01T20:48:21Z,5
Comfortable_Twist214,"Knowing moms, she definitely did.",48,2025-06-01T20:56:05Z,6
SusRampage,*It's those damn video games*,9,2025-06-02T04:45:30Z,7
whyamihere999,"I knew that ot was out, right at the moment the ball hit the Stumps.. just watched the replays to confirm it. Forget that.. Remember the run out that ended Raina's 87(25) in IPL playoffs??? We were watching it live in the stadium, top tear of Garware Pavillion just 4th or 5th row from the top, and I told my friends that it's out while they were saying it was not out and some of them were not sure. They kept telling me that it's too close to call. I was like, bro, it's not even close, it's clearly out! Replays showed Raina was just couple of inches short. I was amazed at myself how I could see the couple of inches gap from such a height. P.S. I've played a good level of cricket. Played against some international India players, have played alongwith some Mumbai Ranji players. So maybe that has had effect on my vision and decision-making.",1,2025-06-02T10:35:45Z,8
Tyler_holmes123,Bro got optical illusion and thought hardik was at long off lol..,121,2025-06-01T20:22:56Z,9
Vizzu10520,Only if hardik got that throw right in another rain affected game.,50,2025-06-01T20:28:04Z,10
[deleted],If only,17,2025-06-01T21:00:16Z,11
MysticVenoms,which one?,2,2025-06-02T05:43:08Z,12
amanbindra94,"He is playing like he has 0 brain cells. Stupid shot in match against RCB too. If PBKS lost today, Shashank would have been to blame too",31,2025-06-01T21:00:21Z,13
seanchappelle,He also reacted late to Wadhera‚Äôs throw which resulted in an overthrow boundary.,20,2025-06-01T23:54:26Z,14
JigglingBot,"Eh no, that wasn't his fault at all. Wadhera's throw was wild and Shashank's view was blocked by the bowler who understandably moved out of the way at the last second. That is entirely on Wadhera.",5,2025-06-02T06:27:33Z,15
[deleted],Paytm pe 100000 ruppee prapt huye.,2,2025-06-02T06:11:54Z,16
Monkgonewild,Yeah that memory goes with him too his coffin,2,2025-06-02T06:27:16Z,17
User5871,Prabhsimran is still our 2nd Highest scorer this season and Shashank has stepped up in moments where others haven't. Everyone has an off day or few. They need to learn from it and come back stronger.,29,2025-06-01T20:40:10Z,18
Fly1ngsauc3r,"Shashank has played many crucial cameos, and prabh has over 500 runs this season with a strike rate of 160. It was a bad run today for sure but let‚Äôs not sell the man who scores with an average of 41 and a high strike rate so short",11,2025-06-01T20:51:59Z,19
artapretor,That run out is going to make any shot at ICT very difficult,-36,2025-06-01T20:27:30Z,20
combatant007,No one will even remember this runout after a week lmao. You are acting like he took money from Ambani and got caught and now BCCI is going to ban him.,29,2025-06-01T20:43:02Z,21
turningtop_5327,It was a mistake that‚Äôs it,31,2025-06-01T20:30:08Z,22
Impressive-Squash-24,"The chase of 204 by Punjab Kings: Highest ever in IPL Playoffs/Knockout First time ever 200+ successfully chased vs MI Eighth time PBKS have chased 200+, the most by a team in IPL Ninth successful 200+ chase in IPL 2025, the most in a single edition",229,2025-06-01T20:19:56Z,23
imhariiguess,Is the first time 200+ chase specific to pbks? Or has no one managed to do it yet?,24,2025-06-02T02:23:00Z,24
[deleted],No team had done it before yesterday because teams play with 4 over deficit against MI (Bumrahs 4 overs). PBKS won when they hit bumrah for 20 runs in a over,29,2025-06-02T04:44:46Z,25
DankRepublic,Not specific to PBKS.,14,2025-06-02T02:27:15Z,26
yh0405,CSK fans heaved a sigh of relief,416,2025-06-01T20:18:09Z,27
IndependentClimate72,Humanity savers are sweating bullets still,267,2025-06-01T20:18:46Z,28
yh0405,"We should thank RR for providing us fans with no heart-wrenching stuff at all. It‚Äôs either all or nothing, granted mostly nothing",80,2025-06-01T20:20:03Z,29
ginta47,I thought we gave enough masterclass this year on how to choke from a easy winning position,44,2025-06-01T20:32:57Z,30
yh0405,"We have been giving that tutorial for years now, unfortunately no other team learns it like us",11,2025-06-01T20:51:55Z,31
theaguia,csk fans were cheering on mi because they dont want the possibility of rcb winning a trophy,-25,2025-06-01T20:35:41Z,32
yh0405,"That‚Äôs weird, imagine Man U cheering for Liverpool just to make sure Arsenal don‚Äôt win",61,2025-06-01T20:50:56Z,33
theaguia,exactly,16,2025-06-01T20:53:16Z,34
Powerful-Chemical431,"Nah, I'd rather RCB win than MI. Idk why CSK would root for MI.",38,2025-06-01T20:51:05Z,35
nmpraveen,"Yeah same. I'll rather have some one win their first trophy than other team overtaking CSK as highest title winner. and tbh, Kholi deserves one for being a IPL legend.",30,2025-06-01T20:59:31Z,36
theaguia,thats what your fans were saying in the mi sub.,13,2025-06-01T20:53:36Z,37
[deleted],"Based on which csk fan you are asking . If it‚Äôs some one from Tamil Nadu , they would much rather MI win than RCB",14,2025-06-01T21:02:59Z,38
gpranav25,Well as someone from Tamil Nadu I'd rather see GT win over CSK. Of the finalists I'd like Punjab but really may the better team win. It's just a fun tournament after all.,1,2025-06-02T07:01:01Z,39
IshaanGupta18,Because CSK can always win a 6th cup later.We cant make RCB 'unwin' its 1st trophy,1,2025-06-02T04:02:32Z,40
ILikeFishSticks69,"In all fairness to MI, it needed the innings of the tournament to finally break their 200 record. I think we saw something very very special tonight, the best Shreyas has ever played in the IPL.",607,2025-06-01T20:18:56Z,41
pvtt_3,That shot to bumrah yorker was shot of the tournament for me absolute sick,423,2025-06-01T20:20:20Z,42
Prof_XdR,"That shot was when I knew, we are fucked. Bro was just in zone, we were panicking and he was clearly calm and composed.",208,2025-06-01T20:32:45Z,43
Available_Dream8422,A perfect yorker to the middle stump and bro still managed to get 4. There was nothing stopping him from there,139,2025-06-01T20:44:08Z,44
KUKLI1,"That has to be one of the all time best IPL innings. The way he was hitting it in the end, you'd think he has springs in his bat. Now that I think about it, Ponting IS there in the PBKS dugout...",202,2025-06-01T20:21:02Z,45
Silencer306,A lot of people here might not get the spring and Ponting reference,12,2025-06-02T08:13:32Z,46
Technothunderstrike,"Yeah, him doing all this just to fuck up against RCB in the final",21,2025-06-01T20:33:57Z,47
Insidious_conjuring,Not allowing anyone to chase 200 for 18 years is just crazy as fuck Like CRAZY AF,591,2025-06-01T20:18:07Z,48
Fallen_Man7,Even Delhi Capitals did that until this season. GT did it twice against us while we fumble against MI to break their recordü•≤ü•≤,120,2025-06-01T20:28:59Z,49
garhwaliraja,200 was not a common score few years back. Even delhi had the same record which broke this season only.,184,2025-06-01T20:32:48Z,50
Stifffmeister11,Yes before the impact player rule it was tough now the team can play an extra batter ..,55,2025-06-01T20:56:33Z,51
pineapplesuit7,"Yeah but on this ground, 200 is like 170 on others places. It is crazy easy to clear the small boundaries and MI missed the slow bouncer trick.",41,2025-06-01T20:29:08Z,52
credibleboy,Which Jamieson executed successfully.,1,2025-06-02T06:17:32Z,53
belanish11,"And that's when bumrah has an off day, oof.",67,2025-06-01T20:26:14Z,54
Neevk,Credit to Inglis and Iyer for making it an off day even though he was bowling pretty well.,127,2025-06-01T20:29:30Z,55
travybel,"That‚Äôs why they were able to chase the 200 and let‚Äôs be real, this 200+ unbeaten score in 18 years is very skewed. 200+ being a regular score is something that only happened in the last 2-3 years.",50,2025-06-01T20:47:09Z,56
Ready_Penalty_6278,"Not an off day, Inglis just decided to shit on him",7,2025-06-02T02:11:14Z,57
serotonallyblindguy,Tbh 200 was a crazy high score till like 2021,1,2025-06-02T02:29:23Z,58
Icy-Pomegranate-4004,ü§ëü§ë,-52,2025-06-01T20:25:39Z,59
Prof_XdR,"&gt;ü§ëü§ë Classic ragebait, Yup we paid for it and lost, we always pay and are cheaters. You happy?",25,2025-06-01T20:30:55Z,60
Super-Entertainer-98,Cringe,3,2025-06-01T21:44:27Z,61
SomeRandomguy_28,Wannabe F,1,2025-06-02T04:19:16Z,62
Bhattu_fyans,Hardik may be an amazing player but his decisions this season in the field regarding field placements and bowler rotations have been horrendous.,608,2025-06-01T20:17:48Z,63
Prof_XdR,"Santner not bowling anything was stupid, he under utilized him so much this season.",411,2025-06-01T20:19:42Z,64
pvtt_3,Absolutely he was bowling so good created a chance on his last ball too,209,2025-06-01T20:21:33Z,65
spikyraccoon,"In a match where all Mumbai players were struggling to hit Slower balls, giving only 2 overs to your best spin bowler is insane. Dude has a Goated team, and just wasted them throughout tourney.",147,2025-06-01T20:51:16Z,66
pineapplesuit7,"The crazy thing is they knew the pitches would be flat decks. If you knew he's not gonna bowl more than 1-2 overs in both playoff games, just get in someone else.",80,2025-06-01T20:28:02Z,67
Resident-Mix9341,I am a huge hp fan. But as a captain he is not there. Takes too much pressure and even strategically he is way off.,152,2025-06-01T20:20:27Z,68
cocwiki,"No nehra, no party.üéà",26,2025-06-01T20:41:49Z,69
sunis_going_down,Literally just eliminated them 2 days ago.,29,2025-06-01T20:56:19Z,70
MadDongla,"Because gt of 2025 is significantly weaker than their peak , especially after taking buttler out If Buttler was still with the team.. I'd argue Mi would've lost that match.",58,2025-06-01T21:05:36Z,71
Kramer-Melanosky,How does that say anything about Nehra?,-24,2025-06-01T23:02:18Z,72
Competitive_Pop_4041,a senior player- rohit not being the in the field too hurt them,99,2025-06-01T20:20:59Z,73
TalentBC,People underestimate Rohit's leadership in close games. I don't think it is just fluke or only luck when you win two IPL finals by 1 run and win a T20 world cup when opposition needed 30 of 30.,9,2025-06-02T06:45:20Z,74
goodsoulkennyS,Don't talk about the world cup. That was entirely Bumrah saving the day.,-1,2025-06-02T08:24:44Z,75
sp1cychick3n,Please stop,3,2025-06-02T01:28:53Z,76
Cricket-ModTeam,"Your post/comment was removed because it contained low-effort hate directed at players, clubs, fans, associated people, or formats of the game. (rule 9) Please refrain from posting such comments in the future as it may result in a ban.",1,2025-06-02T04:27:46Z,77
Cricketloverbybirth,Prolly saved many runs,-11,2025-06-01T22:13:01Z,78
Fallen_Man7,I don't think field placements would've mattered much. But the main thing is bowling changes. In my opinion that 13th over should've given to Santner who was clever bowler and perfect time to introduce him when Pbks desperately need big hits. He was underutilized.,69,2025-06-01T20:21:17Z,79
ViagraGod56,Thankyou for saying if anyone with the MI flairs says it they are accused of hating.,62,2025-06-01T20:19:14Z,80
dzone25,Huge Hardik fan but dunno why SKY isn't the Captain - dude's literally the T20 International Captain. Hardik's not quite working as Captain.,22,2025-06-01T21:55:07Z,81
Gold-Whole1009,"Yes how come!! How come everyone is looking so indispensable when they play for GT, playing more than their best. At other places, true faces reveal? Earlier it was CSK, now GT.",9,2025-06-02T00:02:54Z,82
Chemical-Rub-5206,"Exactly. After Bumrah and SKY, he's been MI's 3rd best player this season. 5 wicket haul, plenty of good knocks with the bat. That runout today was clean too. The hate really does feel forced. I wouldn't mind another captain - SKY or bumrah - stepping in. But Hardik was inarguably a beast as an all rounder this season. Also did people not see the fucking form Shreyas Iyer was in? I'm pretty sure you could merge every other ipl captain into one, it would not make any difference. That man was not going to be stopped today.",35,2025-06-01T20:42:25Z,83
Raken_dep,"Santner was containing the run rate in his overs Shreyas Iyer was taking all the pacers to the cleaners by utilising whatever pace they were offering to his advantage It was literal writing on the wall there for Hardik to use the strength of Santner (containing the RR) while also taking away the strength (the momentum Iyer had gathered against pace) of Shreyas Iyer today by utilising at least one more over of Santner if not both. Granted Shreyas is a good player of spin, but Santner bowls really tight and Iyer would really have to earn those runs against Mitch. Momentum is a thing in sports. It was Santner that brought the turning point of our season by taking the wicket of Karun, who, like Iyer, looked as though he was going to take Delhi towards the win. If Santner had given away even 12 runs per over, it would still have made a massive difference and put a lot of pressure on PBKS in the death overs. And the final nail in the coffin was Hardik not stepping up for the 19th over himself but instead handing the ball to a highly inexperienced and young player in a game like this. The MI management really shot themselves in the foot with this whole Hardik captaincy call. Even Hardik did himself a disservice by not choosing to continue with GT where he was doing well both as a captain and as a player.",22,2025-06-01T22:52:49Z,84
unnervinglynervous,Not bowling Santner and bowling Ashwani at a very stressful moment is a decision I will continue to be baffled by. Does everyone in the IPL hate Santner or something?,6,2025-06-02T04:51:51Z,85
theaguia,tbf wasnt wadhera dropped,-1,2025-06-01T20:34:50Z,86
CheapSoldier,Kids if you haven't watched 21-1 Undertaker streak getting broken WrestleMania... Now you have. Shreyas 'Brock Lesnar' Iyer broke the 200 streak 18 - **1**,301,2025-06-01T20:18:05Z,87
Longjumping-Market24,Only difference being that was fixed and this was real,7,2025-06-02T07:33:54Z,88
realTitan_Gamez,Topley's 3 sixes over + wadhera drop catch were the match defining moments. Bumrah has one off day and MI shits the bed and destroys an 18 year record.,68,2025-06-01T20:21:40Z,89
Important_Lie_7774,Hope more teams grow balls and learn to take on bumrah. He has been the boogeyman for a long time.,8,2025-06-02T10:02:27Z,90
realTitan_Gamez,Not in international cricket hopefully ![img](emote|t5_2qhe0|8767),4,2025-06-02T10:17:09Z,91
theehtn,Shashank with one of the most bizarre runouts at such a high stake match is crazy negligent.,74,2025-06-01T20:23:58Z,92
pvtt_3,"That topley over and wadhera catch costed us the match, also Credit to inglis for taking on bumrah in his 1st over for 20 if he played out that economically it would've been different",312,2025-06-01T20:18:20Z,93
ginta47,I think targeting bumrah in pp was most important decision of this match easily made 10-12 run difference in favor of pbks towards the end,149,2025-06-01T20:28:54Z,94
partymsl,"Bumrah went for basically 6 econ after that 20 run over. Yeah, that was the most important over for sure.",46,2025-06-01T20:35:54Z,95
[deleted],that was where they won,87,2025-06-01T20:19:50Z,96
DilliKaLadka,I think those three 6s in Topleys over was the turning point. Punjab still had some batting left even if that catch was taken.,42,2025-06-01T20:48:02Z,97
Neevk,Dismantled Bumrah's confidence and everything in his first over.,53,2025-06-01T20:27:57Z,98
Ready_Penalty_6278,Inglis forgot he was playing against Bumrah and thought it was some uncapped bowler lol,10,2025-06-02T02:14:07Z,99
seanchappelle,You write like a high schooler.,-10,2025-06-01T23:56:23Z,100
heterocosm,Build Iyer a statue at Chandigarh,135,2025-06-01T20:20:26Z,101
pvtt_3,His avg is 5 there and 91 away from home this season lmao üò≠,79,2025-06-01T21:50:22Z,102
SockKey500,that's a home ground,19,2025-06-01T20:25:25Z,103
Horus397,Where he's played the worst ironically,62,2025-06-01T20:29:44Z,104
WrestlingFan4488,Ambani about to prepare a trade proposal to Zinta for Shreyas Iyer,59,2025-06-01T20:25:09Z,105
ThunderBird847,"My small suggestion to MI management, Suryakumar Yadav is there, Bumrah is there. This Hardik captaincy trade hasn't been much of a good one for MI.",158,2025-06-01T20:19:55Z,106
vincrypt112,Difference between running behind success and working hard to earn success..!!,43,2025-06-01T21:02:57Z,107
serotonallyblindguy,Give. Him. Back. To. Us.,15,2025-06-02T02:31:13Z,108
Ok_Evening_541,Gill?,5,2025-06-02T05:12:18Z,109
Reasonable_Tea_9825,Yeah cuz no way you should lose with this XI,22,2025-06-01T23:27:12Z,110
pvtt_3,"Mi should groom that ashwini guy he looks very good and calm, quality left arm quicks are already rare in india",151,2025-06-01T20:19:11Z,111
Vizzu10520,His bowling action is perfect for Yorkers and wide yorkers...just like Mitchell Johnson...,52,2025-06-01T20:31:13Z,112
Ecstatic-Quality-212,His action is also reminiscent of Johnson too,17,2025-06-01T20:40:46Z,113
bullairbull,Unfortunate last over but that was more Iyer than him. He seems legit so far.,29,2025-06-01T22:11:35Z,114
[deleted],Hr kept throwing on the left literally no variation,7,2025-06-02T03:04:14Z,115
shunsui___kyoraku,He has looked a little like that. Promising kid but whenever the batsman is striking well he kinda losses it and becomes a little rattled instead of a variation or thinking of something. But he's still so young I'm pretty sure he'll get better in such situations.,6,2025-06-02T03:17:13Z,116
Knowledge_buff97,"he has gotten better as the tourney progressed, and i'm sure now with boom in his contacts he would get even better. hopefully he doesn't turn out to be that one season star.",2,2025-06-02T08:45:50Z,117
kristiano_messi03,One of the holy trinity member will be out üßò,50,2025-06-01T20:21:45Z,118
HuckleberryEcstatic3,LSG will join,24,2025-06-01T20:48:15Z,119
DilliKaLadka,LSG be like...allow us to introduce ourselves.,26,2025-06-01T20:50:34Z,120
Competitive-Ice-9851,"Still won't have the same feel like Bangalore, Punjab or Delhi",9,2025-06-02T02:28:43Z,121
DilliKaLadka,Beggars cant be choosers. We will have to do with whatever we have,3,2025-06-02T04:45:40Z,122
Hungry_Painter_9113,Didn't lsg just come in like a few years ago?,1,2025-06-02T04:30:55Z,123
DilliKaLadka,More than an edition... they qualified for the club membership,1,2025-06-02T04:46:08Z,124
Prof_XdR,"Honestly no regrets, PBKS were definitely the better team through and through, our bowling was spearheaded by Bumrah and when he went down, we would eventually go down. Can't wait for Iyer Bhai sexy lifting the cup or Virat finally lifting the IPL cup",69,2025-06-01T20:19:05Z,125
Inevitable_Feature95,"Chase it down under 16 overs, they said. Punjab accepted the challenge and delivered twice",92,2025-06-01T20:17:51Z,126
Intelligent-Top-6445,Everyone will praise Shreyas (as they should he was amazing) but Inglis taking Bumrah to cleaners was something else Shreyas's shot for 4 on that Bumrah yorker was orgasmic,119,2025-06-01T20:19:48Z,127
Inevitable_Feature95,&gt;Inglis taking Bumrah to cleaners was something else That over made all the difference. Full marks to Inglis,47,2025-06-01T20:20:45Z,128
IndependentClimate72,That wadhera dropped catch cost them this match,125,2025-06-01T20:18:07Z,129
rippidy1,Nah man Shreyas looked possessed,108,2025-06-01T20:27:01Z,130
IndependentClimate72,"He did, but he could do what he did only because he was supported from the other end. It plays a way more important role than we think in hindsight",37,2025-06-01T20:28:37Z,131
Fallen_Man7,"Rohit had a catch drop too which he didn't utilize. In Eliminator, it was 2 Rohit drops that made difference in the match. They also dropped Sky catch too.",31,2025-06-01T20:32:07Z,132
neer1223,And main reason was Topley over. What a horrendous decision my gawd !!!!,8,2025-06-01T20:32:30Z,133
oneind,"No slow bouncers by MI, when it worked well for Punjab",44,2025-06-01T20:21:15Z,134
vincrypt112,I honestly thought they will bowl it right away..no idea why they kept on dishing length balls,19,2025-06-01T21:01:53Z,135
OptimumWaste,Exactly my point . The whole of MI team struggled against that ball but none of the bowlers bowled it. They were just bowling fast and in the zone. I wonder what these guys pollard and Malinga are there for. Hardik himself is a very bad captain tbh. He has to go and God don't even get me started on Rohit.,12,2025-06-01T20:32:47Z,136
Hungry_Painter_9113,He eats balls because management only gives him food when he makes 50+,2,2025-06-02T04:33:35Z,137
LostAmidMyExistence,Victory for the ages for PBKS.,41,2025-06-01T20:18:05Z,138
pinkcloud_01,Pandya is a miles below from Rohit in terms of captaincy. Absolute brain dead to not bowl santner and bowl topley instead. So so poor,61,2025-06-01T20:21:44Z,139
ScarYpk_,"that was management decision, I thought pandya f'd up but later I saw Coach signaling to put topley instead. And after that Pandya got brain damage and decided not to give any over to santner when he should have gone immediately to him.",21,2025-06-01T20:33:17Z,140
punjabkingsownersout,Warner 2016 Q2 vs Shreyas 2025 Q2 Rank,28,2025-06-01T20:19:37Z,141
feitan9969,Warner won it single handedly Iyer had support One look at the scorecard tells you how insane the warner innings was,26,2025-06-01T20:45:29Z,142
SplatteredCake,ABD 2016 Q1 up there too,5,2025-06-01T20:42:36Z,143
Fabulous-Barnacle-88,Iyer‚Äôs; hands down!,-8,2025-06-01T20:24:42Z,144
whatever_arghh,Recency bias.,20,2025-06-01T20:31:39Z,145
Ill-Mood6666,RCB and PBKS were just a class above MI this season. MI‚Äôs batting was just SKY and whoever decided to show up on that day and death bowling was just bumrah and inshallah. Boult outside the first 4 overs of an innings is just ashok Dinda on steroids,30,2025-06-01T20:21:58Z,146
MadDongla,"Over reliance on Bumrah It's funny. Even though we won a lot , this season reminded me a lot of 2022 whenever we lost. We never really had a proper bowling attack. Most of boults wickets came in the death overs, not the pp. Santner has finished his 4 overs..uh, once, I think. Hardik is too scared to bowl himself anymore. Worst part is , there isn't much to fix here. We've got good domestic bowlers , a good spinner , great batting. Good overseas bowlers and batters. This team should've been at number 1. Resource management. That's what went wrong.",28,2025-06-01T20:29:46Z,147
vincrypt112,Need to good piwer hitter lower down the order..today we were 20 short due to conservative approach as batting was light..,3,2025-06-01T20:57:29Z,148
MadDongla,11(13) Sigh,6,2025-06-01T21:01:10Z,149
[deleted],Need a better Captain and a more consistent opener than Rohit. Chahar is not a good PP bowler anymore.,0,2025-06-02T08:20:54Z,150
shyboy_c_u,Another interesting thing is Delhi also had a 100 percent 200 defending record earlier this year and they lost that in Ahmedabad. Mumbai‚Äôs 200 record also gets broken here. Plus Mumbai so far has never won a game in Ahmedabad. If Ambanis had real power as the memes suggest they would have ensured the playoffs happened in the original venues as MI has a great record there.,11,2025-06-01T20:29:55Z,151
the_HR,"I mean what the fuck is the captaincy from Pandya?! Why the fuck was Santner given only 2 overs in a surface where the ball was holding up? Santner was always being under utilised but today? What the fuck was even the bowling rotation today? Why was Santner not given the ball instead of Topley? That was such a common sense decision but I think common sense is not so common. Santner had just given 15 from his two and this was a pitch which was tailor made for Santner. I'm just fucking devestated right now. Also, 15 off 12 with the bat. We were 15-20 runs short. Why was he batting like we've already gotten enough? Maybe I'm being reactionary but fuck this man, this was a game we should've won.",27,2025-06-01T20:32:40Z,152
OptimumWaste,Agreed with all of the points. Hardik is very cocky and over confident. Played like we had already won the match. Didn't even realise the ball was holding up and they had to bowl short and slow. He fucks it up again. Ashwani has no experience but he just kept feeding Iyer. Absolutely shocking from the whole MI team. Malinga and pollard should be shown the door lol wtf are they even there for. I mean I have never played even school cricket but I could see the ball was holding up. But all these stalwarts were just high on coke or something. I just hope Hardik is taken off captaincy now and vadapav shown the door.,16,2025-06-01T20:41:37Z,153
artapretor,I knew it when they got baited by reece while having Ashwini.,11,2025-06-01T20:26:54Z,154
varunpigeon55,"I think today‚Äôs game was lost due to Hardik‚Äôs captaincy. So many blunders in the second innings. - Not using Santner when he was clearly the bowler who was containing the opposition. More so when PBSK for scoring freely against pace bowling. - Setting up the game to bowl the last over - Glory Hunter. Hardik was clearly one of the better bowlers. He should have bowled the 17th or 19th over. I guess he wanted the glory if MI did end up containing PBSK. I am not saying this because Mumbai lost or trying to hate on Hardik, but it‚Äôs clearly a pattern with his game. He doesn‚Äôt read the game in critical moments and always has to depend on individual brilliance from someone to rescue him out. I‚Äôm sure he will improve but it is important to step back and put the team forward.",10,2025-06-01T23:33:26Z,155
OptimumWaste,"Not only is he short on ideas but also unjustifiably cocky and over-confident. He was batting like there was no urgency. Scored 14 off 15 I think and all the pressure shifted on Dheer, who was fantastic. He should always play ahead of Pandya. While bowling, the decisons he took were stupid as fuck. All the bowlers, including Bumrah kept bowling full and no change of pace when the pitch was clearly holding up if you bowl short. PBKS used it brilliantly and restricted MI to 200. Never backed himself as a bowler, even though he was bowling well or Santner, who was criminally under-bowled throughout the IPL. It also seems he doesn't command respect or communication from other players.",2,2025-06-02T10:19:00Z,156
Complex-Success-604,"MI players might sleep today, but ashwini will definitely not sleep today, tomorrow and day after tomorrow",7,2025-06-01T20:30:14Z,157
vincrypt112,"Naah man, it was over no matter what..24 off 12 on that deck shreyas was gonna chase in his sleep..naman dheer misjudgment and boulty drop coat big time‚Ä¶nehal took pressure off completly and for whatever reason hardik thought nehal can bash santner left and right",8,2025-06-01T20:56:01Z,158
ViagraGod56,Well Fucking Played Iyerüôáüèª that yorker to four was goated stuff.,8,2025-06-01T20:34:27Z,159
The_Flash_20,"MI:- No one has chased 200 vs. us ever Le PBKS This is the year of records breaking Spurs, PSG and now 1 of the RCB or PBKS finally winning a trophy",26,2025-06-01T20:19:16Z,160
organised-choas,"Serious blunders by Hardik at multiple points in the match : - Santer should have bowled atleast 3 if not 4 overs. He's a top quality international spinner, and if he's not bowling his full quota, that's criminal. Chahal bowled his full quota of 4 overs; and Santer didn't after giving away just 15 runs in 2 overs. Shame! - Hardik himself should have bowled more. Putting the onus on Topley and Ashwani just shows the lack of character and leadership of Hardik. Shame! - Rohit could trust Hardik with the 2 off the last 4 overs in a T20 World Cup Final, but Hardik couldn't trust himself. Shame! - Serves the MI management right for sticking with Hardik as captain after last year's debacle. After this year, there should be no more doubt that Hardik is not captaincy material. Making players like Rohit, Sky and Bumrah play under a jerk like Hardik. Shame! - Now I'm fully backing PBKS and Shreyas to lift the title. ICT needs Shreyas at the helm atleast in white ball cricket. I'm hoping that winning back to back IPL titles will finally give Shreyas his due and get him the long-deserved white-ball captaincy. - Have been a lifelong MI fan. But I'm no more supporting MI until Hardik is removed as captain. If Ro is in the team, he's gotta be the captain. If not Ro, then SKY. But no HP for sure.",23,2025-06-01T20:32:16Z,161
Negative-Repair-9283,"What Shreyas is doing now, Hardik had done it years ago, winning consecutive IPL Trophies!",-10,2025-06-02T02:05:37Z,162
Ok-Border4603,"Hardik pandya showoff jyaada krta h, captaincy kam",14,2025-06-01T20:25:44Z,163
vincrypt112,all season long i have not seen a single sign of sharp captaincy mind from hardik..i wonder if there is too much outside interference making him do weird things‚Ä¶he had same problem in gt too where nehraji was constantly in his ear,10,2025-06-01T20:59:36Z,164
aatm_nirbhar_pikachu,"Everyone keeps on saying that Topley‚Äôs over was the match defining over but are forgetting that it was actually bumrah‚Äôs first over. You dont see bumrah getting belted until and unless it is a final against aus or CT17. As soon as he got thrown of the park, the management went into panic and tried different things to recover where they were successful but a wrong management decision to ask hardik to bowl reece costed them more and it went haywire afterwards as probably hardik didnt listen to management because of that wrong topley call and didnt want to take chances putting spinner (santner) in front of Shreya (certified spin basher).",8,2025-06-01T20:56:02Z,165
Kan169,I'm so saddened. J/K screw the Ambanis.,5,2025-06-01T20:40:00Z,166
EbbRevolutionary3225,Bye Bye üëãüèªüëãüèªüëãüèª,6,2025-06-01T20:18:22Z,167
Salamander_Such,"Congratulations to pbks and rcb , may the best team win in the final . Ashwani , hope he doesn't take this too much to the heart. And thank you mumbai for a wonderful season of ups and downs.",3,2025-06-01T21:03:47Z,168
Negative-Repair-9283,"Shreyas Iyer's contributions with both the bat and the field are really monumental strikes on the heads of BCCI Selectors, both team selection and captaincy.",3,2025-06-02T02:00:13Z,169
Tushar_Hawks,Still not able to digest the fact that Punjab bowlers did well than so many star bowlers of Mumbai,3,2025-06-02T05:35:21Z,170
Master_veiler,This just proves why Malinga stays as the best ever ipl bowler,5,2025-06-01T20:45:01Z,171
shunsui___kyoraku,If Boult doesn't drop that it could've been very different,15,2025-06-01T20:18:39Z,172
Neevk,"If GT didn't drop 3 catches, then Boult would not even have the opportunity to attempt any catch.",13,2025-06-01T20:32:06Z,173
OminousDrac,Tbf. MI did ride those drops by Gujarat till this stage so ig they had it coming,15,2025-06-01T20:29:23Z,174
ByteBatsman,"Grandma, wheels and all that stuff",38,2025-06-01T20:24:01Z,175
neer1223,It doesn't matter now.Catches wins matches ![img](emote|t5_2qhe0|8783),4,2025-06-01T20:34:47Z,176
Hungry_Painter_9113,"We had everything, a good target, the explosive batters were out, their CRR was below RRR we only lost because of sarpanch dude, hardik is a shit captain",2,2025-06-02T04:27:56Z,177
Rich-Educator-4513,That catch drop from bault costed mi the game. Great knock from iyer too.,4,2025-06-01T20:19:10Z,178
Horus397,Call him bawlt the way he'd be bawling now,1,2025-06-01T20:29:29Z,179
pmmeurcatgifs,I want PBKS to win the finals simply because RCB fans might go rabid &amp; loony if their team actually wins this IPL.,3,2025-06-01T20:40:28Z,180
Ibeno,Rabid and loony fans already have 5 trophies with some teams. So we having one will not change much,2,2025-06-01T21:31:47Z,181
ilolalot1,Toddles!,1,2025-06-01T20:19:48Z,182
pronoob_101,Faded,1,2025-06-01T20:21:16Z,183
flyingfrogss,Lacked finisher and quality Spin Bowler ...,1,2025-06-01T20:23:15Z,184
ADITYA_1O,r/iyerbhaisexy,1,2025-06-01T20:30:06Z,185
Legitimate-Degree-11,"If you don't get shreyash inside 15 balls , you don't win. Otherwise you win , saw that in CWC 2023, ct 2025 and now this tournament",1,2025-06-01T20:31:40Z,186
alphaQ_42069,Holy trinity will be broken,1,2025-06-01T20:31:48Z,187
AcrobaticLaugh1361,I thought it would've been easy for MI if CSK is not playing in playoffs,1,2025-06-01T20:45:53Z,188
AlbusDT2,"As an MI fan for all of those 18 years, well done Shreyas. This was a great knock! Go win the finals! We are cheering for you.",1,2025-06-01T21:10:57Z,189
escaltctrl,üñêÔ∏èüëÜ?,1,2025-06-01T21:18:56Z,190
[deleted],"Bro...ngl at no point during the second innings did I TRULY feel like MI is winning this match This hurt a lot but no such thing as ""deserving"" team, either u win and deserve it or u lose and u dont. Lets hope we fix our team and come back better next year",1,2025-06-01T21:22:06Z,191
vincrypt112,"Naa man , when nehal came in, mi was in complete control..let it spiral out from thr..",1,2025-06-01T22:00:35Z,192
[deleted],"Idk man, I always felt like pbks wait just being patient and waiting to accelerate..and thats what they did.",1,2025-06-01T22:02:17Z,193
Nooh18,Punjab bowled good today that's why Mi scored below par runs. Average 1st innings score is literally 220 smth this season. Mi didn't seem to have much of a bowling plan other than give the ball to bumrah and pray lol. Punjab bowlers bowled mainly short length balls which gave them success Mi on the other hand did the complete opposite and went mainly for fuller length balls. Don't know why Santner also only bowled 2 overs üòµ‚Äçüí´. Shreyas Iyer played one of the best knockout match innings in the ipl ü´°. As a rcb fan it's a bit scary the way PBKS chased down the target today and entered into the finals.,1,2025-06-01T21:38:22Z,194
arnott,"How much did Inglis's takedown of Bumrah change the course of the match? &gt;[Bumrah to Inglis, SIX runs](https://www.espncricinfo.com/series/ipl-2025-1449924/mumbai-indians-vs-punjab-kings-qualifier-2-1473510/live-cricket-score) Inglis swings cleanly, goes five rows past long-on. Fuller side of length on fifth, a bit of movement in off the pitch.",1,2025-06-01T22:40:43Z,195
kp22cfc,Thank you Captain hardik,1,2025-06-01T22:43:56Z,196
TheCricketAnimator,You were supposed to save humanity. You promised me!!,1,2025-06-02T00:52:10Z,197
Existing-Yellow-9051,Well for me MI lost the match in 1st innings itself...!! They were 20 to 25 runs odd short.. given the kind of wicket it was...!!,1,2025-06-02T01:43:36Z,198
Existing-Yellow-9051,Where are all the MI fixers comment... sad not to see any üëÄ,1,2025-06-02T01:43:57Z,199
hobabaObama,"Everything was going well for MI , then Akash Ambani manipulated his way to poach Hardik from GT. Even though they reached playoffs, MI does not look the same team anymore. They had Bumrah and Sky as worthy successors of Rohit.",1,2025-06-02T02:59:36Z,200
rohit831003,Best news of that I slept with...I like the players...just the Mrs owner...the way Mrs owner was pouring sanitizer to shake hands...,1,2025-06-02T03:47:58Z,201
Hungry_Painter_9113,"We had everything, a good target, the explosive batters were out, their CRR was below RRR we only lost because of sarpanch dude, hardik is a shit captain",1,2025-06-02T04:27:50Z,202
PerformanceOk8575,"this ipl is different, some records were made and some unbroken streaks were broke.",1,2025-06-02T04:32:42Z,203
[deleted],KKR really fucked up by not retaining the other Iyer.,1,2025-06-02T04:47:56Z,204
unnervinglynervous,"I really don‚Äôt get the people saying ‚ÄúAnger is not good‚Äù. With a team of Mumbai Indians, with players like Santner, Boult, Bumrah, SKY, Tilak, Naman, why is Hardik having a tough time winning with this XI? 2023, we went to the playoffs with Arjun, Behrendorff and Piyush Sharma. Not bad of course, but the difference is massive. Some of us kinda deserve to be pissed off because this was our match man.",1,2025-06-02T04:54:49Z,205
sagar9175,"Bumrah getting taken for 20 runs off his first over was a big turning point. It neutralized the biggest threat. Inspite of his last 3 overs,he ended up conceding 40 off his 4 without a wicket! Pandya's captaincy was not great either. He should've used Santner's full quota. It was like Jitesh in the other qualifier,only that RCB didn't lose that match &amp; JS himself got them the win.",1,2025-06-02T05:10:07Z,206
PracticeDangerous254,Many congratulations to Pretty Zenta for her Team Qualification for grand finale. I always supported PBSK. From Swat Pakistan,1,2025-06-02T05:37:41Z,207
god_is_a_pokemon,Happy to see two of my fav in the finals.,1,2025-06-02T06:13:08Z,208
kunal_packtpub,"Shreyas came and delivered. After losing wickets, I never thought Punjab could win this match.",1,2025-06-02T07:01:42Z,209
Shortstories_,"When you lose twice to same team in a week, you know they have always had your number. I love that this kind of intense competition is creating gems for the world champions to dominate yet again in this format. Standouts for me this season in these 2 teams are Surya, Iyer, Bumrah, 2P openers, Ashawani, Naman and Tilak. What a rich talent pool to choose from!",1,2025-06-02T10:20:18Z,210
Mysterious-Tap-3987,"Kohli or Iyer? What do you guys think? I slightly prefer Iyer over Kohli, idk why but RCB actually winning will lessen IPL interest haha.",1,2025-06-01T20:21:16Z,211
vincrypt112,Kohli..iyer still have several years left..,1,2025-06-01T21:00:50Z,212
Ibeno,Nah I won‚Äôt care for IPL if we don‚Äôt win this year. I couldn‚Äôt be able to bear our team grinding year by year reaching playoffs for last 4-5 years only for a new team that qualified after 11 years take it away from us. It will hit so close to my heart and remind me too much of my personal life journey. No offence to Punjab though. They will win if they play better.,2,2025-06-01T21:38:03Z,213
kjsah9026,Bumrah pe nazar lag gayi by captain himself in last match presentation,1,2025-06-01T20:36:18Z,214
Hariwtf10,Who knew relying on one bowler to save your ass every match would eventually catch up to you?,1,2025-06-01T20:28:43Z,215
CaptainxX0,My biggest question is why didn't Santner didn't complete his spell,1,2025-06-01T20:30:39Z,216
vatsal_0810,Really has been the year of long trophy droughts coming to an end this year across sports. Hope South Africa add to that in a week.,1,2025-06-01T20:36:31Z,217
[deleted],"Just goes to show that without Bumrah's A game, MI is just an ordinary bowling side.",1,2025-06-01T20:41:39Z,218
ByteBatsman,BEHOLD The ONE in 18 and 1 (18-1). THE CAPTAIN THE SARPANCH OF PUNJAB KINGS SHREYAS IYER,-2,2025-06-01T20:33:31Z,219
seanchappelle,Cringe,3,2025-06-02T00:45:07Z,220
Enough-Pain3633,Feels so good to see MI get fucked,-2,2025-06-01T20:38:37Z,221
SunbeeRay,Sorry bhai üò≠üôè,3,2025-06-01T20:59:52Z,222
Enough-Pain3633,Kya hua,-4,2025-06-01T21:16:24Z,223
irobinbhatia,"Loved the confidence from their fans and the self proclaimed cricket experts before the match, avg team at best. Last match was a fluke, GT had them.",-3,2025-06-01T20:29:11Z,224
Prophet9192,Good riddance. A new team will win the cup this year and that‚Äôs how it should be.,-1,2025-06-01T20:34:55Z,225
mit_the_enchanter,The only thing getting chucked is your team out of tournaments,14,2025-06-01T20:31:29Z,226
Cricket-ModTeam,Your post or comment had words in it that were not in English and weren't translated. This breaks the rules of this subreddit it has been removed (rule 5).,1,2025-06-02T04:28:15Z,227
SomeRandomguy_28,"Brain dead fan or something, do you even know what chucking is",1,2025-06-02T04:21:41Z,228
Cricket-ModTeam,"Your post/comment was removed because it contained low-effort hate directed at players, clubs, fans, associated people, or formats of the game. (rule 9) Please refrain from posting such comments in the future as it may result in a ban.",1,2025-06-02T04:28:41Z,229
Iyerlicious,PBKS stopped MI from finishing Top 2. And PBKS stopped MI from reaching the final. Punjab showing MI how to play in pressure situations. It‚Äôs meant to be. RCB is cooked in Ahmedabad,-2,2025-06-01T20:56:40Z,230
